id,title,description,severity,status,related_item_id,opened_at
RISK-001,Auth flow token refresh intermittent failures in staging,Token refresh calls are failing intermittently under load in the staging environment; root cause not yet confirmed.,medium,mitigated,PM-023,2026-09-10
RISK-002,Billing sync nightly job at risk of missing SLA,The nightly billing sync job has been running past its committed SLA window twice this sprint; vendor-side latency suspected.,high,open,PM-024,2026-09-11
RISK-003,Third-party billing API rate limits may throttle nightly sync during peak season,Flagged during Sprint 12 planning; mitigated by moving the sync off-peak. No currently-open blocker traces back to this.,low,mitigated,,2026-08-20
RISK-004,The author attempted to hit the staging mirror for an end-to-end check and was rejected,"The author attempted to hit the staging mirror for an end-to-end check and was rejected, which they believe is due to the service key having been rotated sometime last week without notification. Until a new service key is obtained, the author cannot verify whether the mirror side renders correctly. (From p1-agent-test message 1791364176238 on 2026-10-07.)",high,open,,2026-10-07
RISK-005,The adapter on the copilot studio side requires a payload shape that has not been documented,"The adapter on the copilot studio side requires a payload shape that has not been documented, and the author has asked twice without receiving a reply. The adapter work is parked until the payload shape is provided. (From p1-agent-test message 1791364185931 on 2026-10-07.)",high,open,,2026-10-07
RISK-006,There is an unresolved addressing concern because P2 has its own identity model while P1 uses graph ids,"There is an unresolved addressing concern because P2 has its own identity model while P1 uses graph ids, meaning a reminder could technically go to the wrong place. The author is requesting that someone review the addressing behaviour before it is trusted. (From p1-agent-test message 1791364192569 on 2026-10-07.)",high,open,,2026-10-07
RISK-007,The full unit suite passes except for one test that fails only when the full suite runs together but passes in isolation,"The full unit suite passes except for one test that fails only when the full suite runs together but passes in isolation, which the author attributes to environment leaking in from somewhere. (From p1-agent-test message 1791364266530 on 2026-10-07.)",high,open,,2026-10-07
RISK-008,The author is seeing a recurring 403 Forbidden error,"The author is seeing a recurring 403 Forbidden error — code=Forbidden, message=""Insufficient privileges to complete the operation"" — at ChannelMessage.Send, which started around 11 despite the same token having worked at 9, with no explanation identified yet. (From p1-agent-test message 1791364402550 on 2026-10-07.)",high,open,,2026-10-07
RISK-009,The Copilot Studio agent environment is out of credits,"The Copilot Studio agent environment is out of credits, blocking testing of whether it answers the risk questions properly. A request for more capacity has been submitted but has not received a reply. The conversational part will not be available to demo on Monday the 12th. (From p1-agent-test message 1791456588274 on 2026-10-08.)",high,open,,2026-10-08
